filename,width,height,class,xmin,ymin,xmax,ymax
vidro_754.png,256,256,vidro,0,0,256,256
vidro_626.png,256,256,vidro,0,0,256,256
vidro_212.png,256,256,vidro,0,0,256,256
vidro_106.png,256,256,vidro,0,0,256,256
vidro_796.png,256,256,vidro,0,0,256,256
vidro_176.png,256,256,vidro,0,0,256,256
vidro_1397.png,256,256,vidro,0,0,256,256
vidro_847.png,256,256,vidro,0,0,256,256
vidro_406.png,256,256,vidro,0,0,256,256
vidro_54.png,256,256,vidro,0,0,256,256
vidro_650.png,256,256,vidro,0,0,256,256
vidro_166.png,256,256,vidro,0,0,256,256
vidro_730.png,256,256,vidro,0,0,256,256
vidro_407.png,256,256,vidro,0,0,256,256
vidro_104.png,256,256,vidro,0,0,256,256
vidro_1178.png,256,256,vidro,0,0,256,256
vidro_264.png,256,256,vidro,0,0,256,256
vidro_1414.png,256,256,vidro,0,0,256,256
vidro_574.png,256,256,vidro,0,0,256,256
vidro_597.png,256,256,vidro,0,0,256,256
vidro_781.png,256,256,vidro,0,0,256,256
vidro_1342.png,256,256,vidro,0,0,256,256
vidro_495.png,256,256,vidro,0,0,256,256
vidro_1349.png,256,256,vidro,0,0,256,256
vidro_437.png,256,256,vidro,0,0,256,256
vidro_183.png,256,256,vidro,0,0,256,256
vidro_491.png,256,256,vidro,0,0,256,256
vidro_1010.png,256,256,vidro,0,0,256,256
vidro_129.png,256,256,vidro,0,0,256,256
vidro_578.png,256,256,vidro,0,0,256,256
vidro_14.png,256,256,vidro,0,0,256,256
vidro_1023.png,256,256,vidro,0,0,256,256
vidro_1153.png,256,256,vidro,0,0,256,256
vidro_624.png,256,256,vidro,0,0,256,256
vidro_604.png,256,256,vidro,0,0,256,256
vidro_1132.png,256,256,vidro,0,0,256,256
vidro_1040.png,256,256,vidro,0,0,256,256
vidro_83.png,256,256,vidro,0,0,256,256
vidro_65.png,256,256,vidro,0,0,256,256
vidro_786.png,256,256,vidro,0,0,256,256
vidro_713.png,256,256,vidro,0,0,256,256
vidro_705.png,256,256,vidro,0,0,256,256
vidro_614.png,256,256,vidro,0,0,256,256
vidro_246.png,256,256,vidro,0,0,256,256
vidro_336.png,256,256,vidro,0,0,256,256
vidro_1215.png,256,256,vidro,0,0,256,256
vidro_229.png,256,256,vidro,0,0,256,256
vidro_747.png,256,256,vidro,0,0,256,256
vidro_1172.png,256,256,vidro,0,0,256,256
vidro_256.png,256,256,vidro,0,0,256,256
vidro_233.png,256,256,vidro,0,0,256,256
vidro_653.png,256,256,vidro,0,0,256,256
vidro_379.png,256,256,vidro,0,0,256,256
vidro_378.png,256,256,vidro,0,0,256,256
vidro_292.png,256,256,vidro,0,0,256,256
vidro_447.png,256,256,vidro,0,0,256,256
vidro_113.png,256,256,vidro,0,0,256,256
vidro_1246.png,256,256,vidro,0,0,256,256
vidro_1453.png,256,256,vidro,0,0,256,256
vidro_880.png,256,256,vidro,0,0,256,256
vidro_288.png,256,256,vidro,0,0,256,256
vidro_899.png,256,256,vidro,0,0,256,256
vidro_678.png,256,256,vidro,0,0,256,256
vidro_691.png,256,256,vidro,0,0,256,256
vidro_982.png,256,256,vidro,0,0,256,256
vidro_1381.png,256,256,vidro,0,0,256,256
vidro_494.png,256,256,vidro,0,0,256,256
vidro_709.png,256,256,vidro,0,0,256,256
vidro_955.png,256,256,vidro,0,0,256,256
vidro_41.png,256,256,vidro,0,0,256,256
vidro_1489.png,256,256,vidro,0,0,256,256
vidro_55.png,256,256,vidro,0,0,256,256
vidro_468.png,256,256,vidro,0,0,256,256
vidro_1226.png,256,256,vidro,0,0,256,256
vidro_941.png,256,256,vidro,0,0,256,256
vidro_1262.png,256,256,vidro,0,0,256,256
vidro_820.png,256,256,vidro,0,0,256,256
vidro_401.png,256,256,vidro,0,0,256,256
vidro_127.png,256,256,vidro,0,0,256,256
vidro_851.png,256,256,vidro,0,0,256,256
vidro_558.png,256,256,vidro,0,0,256,256
vidro_1429.png,256,256,vidro,0,0,256,256
vidro_912.png,256,256,vidro,0,0,256,256
vidro_569.png,256,256,vidro,0,0,256,256
vidro_608.png,256,256,vidro,0,0,256,256
vidro_114.png,256,256,vidro,0,0,256,256
vidro_1030.png,256,256,vidro,0,0,256,256
vidro_285.png,256,256,vidro,0,0,256,256
vidro_11.png,256,256,vidro,0,0,256,256
vidro_481.png,256,256,vidro,0,0,256,256
vidro_492.png,256,256,vidro,0,0,256,256
vidro_819.png,256,256,vidro,0,0,256,256
vidro_836.png,256,256,vidro,0,0,256,256
vidro_1337.png,256,256,vidro,0,0,256,256
vidro_259.png,256,256,vidro,0,0,256,256
vidro_672.png,256,256,vidro,0,0,256,256
vidro_335.png,256,256,vidro,0,0,256,256
vidro_98.png,256,256,vidro,0,0,256,256
vidro_1144.png,256,256,vidro,0,0,256,256
vidro_210.png,256,256,vidro,0,0,256,256
vidro_949.png,256,256,vidro,0,0,256,256
vidro_512.png,256,256,vidro,0,0,256,256
vidro_12.png,256,256,vidro,0,0,256,256
vidro_1254.png,256,256,vidro,0,0,256,256
vidro_1471.png,256,256,vidro,0,0,256,256
vidro_191.png,256,256,vidro,0,0,256,256
vidro_573.png,256,256,vidro,0,0,256,256
vidro_135.png,256,256,vidro,0,0,256,256
vidro_1280.png,256,256,vidro,0,0,256,256
vidro_1330.png,256,256,vidro,0,0,256,256
vidro_367.png,256,256,vidro,0,0,256,256
vidro_1152.png,256,256,vidro,0,0,256,256
vidro_405.png,256,256,vidro,0,0,256,256
vidro_541.png,256,256,vidro,0,0,256,256
vidro_412.png,256,256,vidro,0,0,256,256
vidro_524.png,256,256,vidro,0,0,256,256
vidro_590.png,256,256,vidro,0,0,256,256
vidro_486.png,256,256,vidro,0,0,256,256
vidro_338.png,256,256,vidro,0,0,256,256
vidro_151.png,256,256,vidro,0,0,256,256
vidro_1024.png,256,256,vidro,0,0,256,256
vidro_726.png,256,256,vidro,0,0,256,256
vidro_68.png,256,256,vidro,0,0,256,256
vidro_1273.png,256,256,vidro,0,0,256,256
vidro_648.png,256,256,vidro,0,0,256,256
vidro_290.png,256,256,vidro,0,0,256,256
vidro_323.png,256,256,vidro,0,0,256,256
vidro_363.png,256,256,vidro,0,0,256,256
vidro_603.png,256,256,vidro,0,0,256,256
vidro_241.png,256,256,vidro,0,0,256,256
vidro_448.png,256,256,vidro,0,0,256,256
vidro_1222.png,256,256,vidro,0,0,256,256
vidro_1352.png,256,256,vidro,0,0,256,256
vidro_111.png,256,256,vidro,0,0,256,256
vidro_844.png,256,256,vidro,0,0,256,256
vidro_358.png,256,256,vidro,0,0,256,256
vidro_1435.png,256,256,vidro,0,0,256,256
vidro_1311.png,256,256,vidro,0,0,256,256
vidro_1164.png,256,256,vidro,0,0,256,256
vidro_232.png,256,256,vidro,0,0,256,256
vidro_231.png,256,256,vidro,0,0,256,256
vidro_1121.png,256,256,vidro,0,0,256,256
vidro_26.png,256,256,vidro,0,0,256,256
vidro_688.png,256,256,vidro,0,0,256,256
vidro_1084.png,256,256,vidro,0,0,256,256
vidro_903.png,256,256,vidro,0,0,256,256
vidro_387.png,256,256,vidro,0,0,256,256
vidro_1331.png,256,256,vidro,0,0,256,256
vidro_1441.png,256,256,vidro,0,0,256,256
vidro_433.png,256,256,vidro,0,0,256,256
vidro_651.png,256,256,vidro,0,0,256,256
vidro_461.png,256,256,vidro,0,0,256,256
vidro_1285.png,256,256,vidro,0,0,256,256
vidro_280.png,256,256,vidro,0,0,256,256
vidro_954.png,256,256,vidro,0,0,256,256
vidro_663.png,256,256,vidro,0,0,256,256
vidro_393.png,256,256,vidro,0,0,256,256
vidro_1200.png,256,256,vidro,0,0,256,256
vidro_425.png,256,256,vidro,0,0,256,256
vidro_1384.png,256,256,vidro,0,0,256,256
vidro_878.png,256,256,vidro,0,0,256,256
vidro_314.png,256,256,vidro,0,0,256,256
vidro_751.png,256,256,vidro,0,0,256,256
vidro_874.png,256,256,vidro,0,0,256,256
vidro_313.png,256,256,vidro,0,0,256,256
vidro_675.png,256,256,vidro,0,0,256,256
vidro_581.png,256,256,vidro,0,0,256,256
vidro_208.png,256,256,vidro,0,0,256,256
vidro_53.png,256,256,vidro,0,0,256,256
vidro_126.png,256,256,vidro,0,0,256,256
vidro_482.png,256,256,vidro,0,0,256,256
vidro_316.png,256,256,vidro,0,0,256,256
vidro_10.png,256,256,vidro,0,0,256,256
vidro_1061.png,256,256,vidro,0,0,256,256
vidro_647.png,256,256,vidro,0,0,256,256
vidro_458.png,256,256,vidro,0,0,256,256
vidro_1320.png,256,256,vidro,0,0,256,256
vidro_201.png,256,256,vidro,0,0,256,256
vidro_408.png,256,256,vidro,0,0,256,256
vidro_1290.png,256,256,vidro,0,0,256,256
vidro_418.png,256,256,vidro,0,0,256,256
vidro_123.png,256,256,vidro,0,0,256,256
vidro_451.png,256,256,vidro,0,0,256,256
vidro_826.png,256,256,vidro,0,0,256,256
vidro_93.png,256,256,vidro,0,0,256,256
vidro_19.png,256,256,vidro,0,0,256,256
vidro_296.png,256,256,vidro,0,0,256,256
vidro_132.png,256,256,vidro,0,0,256,256
vidro_920.png,256,256,vidro,0,0,256,256
vidro_637.png,256,256,vidro,0,0,256,256
vidro_1335.png,256,256,vidro,0,0,256,256
vidro_611.png,256,256,vidro,0,0,256,256
vidro_1359.png,256,256,vidro,0,0,256,256
vidro_1195.png,256,256,vidro,0,0,256,256
vidro_520.png,256,256,vidro,0,0,256,256
vidro_214.png,256,256,vidro,0,0,256,256
vidro_683.png,256,256,vidro,0,0,256,256
vidro_974.png,256,256,vidro,0,0,256,256
vidro_145.png,256,256,vidro,0,0,256,256
vidro_924.png,256,256,vidro,0,0,256,256
vidro_350.png,256,256,vidro,0,0,256,256
vidro_217.png,256,256,vidro,0,0,256,256
vidro_566.png,256,256,vidro,0,0,256,256
vidro_362.png,256,256,vidro,0,0,256,256
vidro_140.png,256,256,vidro,0,0,256,256
vidro_436.png,256,256,vidro,0,0,256,256
vidro_303.png,256,256,vidro,0,0,256,256
vidro_958.png,256,256,vidro,0,0,256,256
vidro_879.png,256,256,vidro,0,0,256,256
vidro_1078.png,256,256,vidro,0,0,256,256
vidro_125.png,256,256,vidro,0,0,256,256
vidro_347.png,256,256,vidro,0,0,256,256
vidro_1326.png,256,256,vidro,0,0,256,256
vidro_1430.png,256,256,vidro,0,0,256,256
vidro_914.png,256,256,vidro,0,0,256,256
vidro_70.png,256,256,vidro,0,0,256,256
vidro_990.png,256,256,vidro,0,0,256,256
vidro_130.png,256,256,vidro,0,0,256,256
vidro_860.png,256,256,vidro,0,0,256,256
vidro_228.png,256,256,vidro,0,0,256,256
vidro_734.png,256,256,vidro,0,0,256,256
vidro_956.png,256,256,vidro,0,0,256,256
vidro_1013.png,256,256,vidro,0,0,256,256
vidro_1003.png,256,256,vidro,0,0,256,256
vidro_1256.png,256,256,vidro,0,0,256,256
vidro_586.png,256,256,vidro,0,0,256,256
vidro_263.png,256,256,vidro,0,0,256,256
vidro_1116.png,256,256,vidro,0,0,256,256
vidro_318.png,256,256,vidro,0,0,256,256
vidro_1286.png,256,256,vidro,0,0,256,256
vidro_1062.png,256,256,vidro,0,0,256,256
vidro_57.png,256,256,vidro,0,0,256,256
vidro_655.png,256,256,vidro,0,0,256,256
vidro_196.png,256,256,vidro,0,0,256,256
vidro_525.png,256,256,vidro,0,0,256,256
vidro_565.png,256,256,vidro,0,0,256,256
vidro_723.png,256,256,vidro,0,0,256,256
vidro_805.png,256,256,vidro,0,0,256,256
vidro_1383.png,256,256,vidro,0,0,256,256
vidro_227.png,256,256,vidro,0,0,256,256
vidro_1126.png,256,256,vidro,0,0,256,256
vidro_1181.png,256,256,vidro,0,0,256,256
vidro_476.png,256,256,vidro,0,0,256,256
vidro_1390.png,256,256,vidro,0,0,256,256
vidro_658.png,256,256,vidro,0,0,256,256
vidro_1120.png,256,256,vidro,0,0,256,256
vidro_1066.png,256,256,vidro,0,0,256,256
vidro_1346.png,256,256,vidro,0,0,256,256
vidro_1418.png,256,256,vidro,0,0,256,256
vidro_1433.png,256,256,vidro,0,0,256,256
vidro_741.png,256,256,vidro,0,0,256,256
vidro_33.png,256,256,vidro,0,0,256,256
vidro_1045.png,256,256,vidro,0,0,256,256
vidro_1428.png,256,256,vidro,0,0,256,256
vidro_704.png,256,256,vidro,0,0,256,256
vidro_892.png,256,256,vidro,0,0,256,256
vidro_184.png,256,256,vidro,0,0,256,256
vidro_354.png,256,256,vidro,0,0,256,256
vidro_1388.png,256,256,vidro,0,0,256,256
vidro_987.png,256,256,vidro,0,0,256,256
vidro_1382.png,256,256,vidro,0,0,256,256
vidro_167.png,256,256,vidro,0,0,256,256
vidro_388.png,256,256,vidro,0,0,256,256
vidro_235.png,256,256,vidro,0,0,256,256
vidro_1389.png,256,256,vidro,0,0,256,256
vidro_353.png,256,256,vidro,0,0,256,256
vidro_66.png,256,256,vidro,0,0,256,256
vidro_368.png,256,256,vidro,0,0,256,256
vidro_1122.png,256,256,vidro,0,0,256,256
vidro_1167.png,256,256,vidro,0,0,256,256
vidro_328.png,256,256,vidro,0,0,256,256
vidro_698.png,256,256,vidro,0,0,256,256
vidro_527.png,256,256,vidro,0,0,256,256
vidro_391.png,256,256,vidro,0,0,256,256
vidro_1243.png,256,256,vidro,0,0,256,256
vidro_424.png,256,256,vidro,0,0,256,256
vidro_540.png,256,256,vidro,0,0,256,256
vidro_827.png,256,256,vidro,0,0,256,256
vidro_122.png,256,256,vidro,0,0,256,256
vidro_625.png,256,256,vidro,0,0,256,256
vidro_695.png,256,256,vidro,0,0,256,256
vidro_270.png,256,256,vidro,0,0,256,256
vidro_453.png,256,256,vidro,0,0,256,256
vidro_502.png,256,256,vidro,0,0,256,256
vidro_708.png,256,256,vidro,0,0,256,256
vidro_981.png,256,256,vidro,0,0,256,256
vidro_1487.png,256,256,vidro,0,0,256,256
vidro_972.png,256,256,vidro,0,0,256,256
vidro_1322.png,256,256,vidro,0,0,256,256
vidro_165.png,256,256,vidro,0,0,256,256
vidro_670.png,256,256,vidro,0,0,256,256
vidro_1354.png,256,256,vidro,0,0,256,256
vidro_1324.png,256,256,vidro,0,0,256,256
vidro_915.png,256,256,vidro,0,0,256,256
vidro_133.png,256,256,vidro,0,0,256,256
vidro_440.png,256,256,vidro,0,0,256,256
vidro_926.png,256,256,vidro,0,0,256,256
vidro_1204.png,256,256,vidro,0,0,256,256
vidro_1288.png,256,256,vidro,0,0,256,256
vidro_911.png,256,256,vidro,0,0,256,256
vidro_508.png,256,256,vidro,0,0,256,256
vidro_1392.png,256,256,vidro,0,0,256,256
vidro_51.png,256,256,vidro,0,0,256,256
vidro_49.png,256,256,vidro,0,0,256,256
vidro_1421.png,256,256,vidro,0,0,256,256
vidro_1425.png,256,256,vidro,0,0,256,256
vidro_107.png,256,256,vidro,0,0,256,256
vidro_763.png,256,256,vidro,0,0,256,256
vidro_854.png,256,256,vidro,0,0,256,256
vidro_593.png,256,256,vidro,0,0,256,256
vidro_1035.png,256,256,vidro,0,0,256,256
vidro_1434.png,256,256,vidro,0,0,256,256
vidro_567.png,256,256,vidro,0,0,256,256
vidro_209.png,256,256,vidro,0,0,256,256
vidro_901.png,256,256,vidro,0,0,256,256
vidro_493.png,256,256,vidro,0,0,256,256
vidro_733.png,256,256,vidro,0,0,256,256
vidro_21.png,256,256,vidro,0,0,256,256
vidro_1145.png,256,256,vidro,0,0,256,256
vidro_1213.png,256,256,vidro,0,0,256,256
vidro_179.png,256,256,vidro,0,0,256,256
vidro_402.png,256,256,vidro,0,0,256,256
vidro_22.png,256,256,vidro,0,0,256,256
vidro_652.png,256,256,vidro,0,0,256,256
vidro_681.png,256,256,vidro,0,0,256,256
vidro_1139.png,256,256,vidro,0,0,256,256
vidro_1189.png,256,256,vidro,0,0,256,256
vidro_1340.png,256,256,vidro,0,0,256,256
vidro_89.png,256,256,vidro,0,0,256,256
vidro_582.png,256,256,vidro,0,0,256,256
vidro_645.png,256,256,vidro,0,0,256,256
vidro_1361.png,256,256,vidro,0,0,256,256
vidro_968.png,256,256,vidro,0,0,256,256
vidro_148.png,256,256,vidro,0,0,256,256
vidro_319.png,256,256,vidro,0,0,256,256
vidro_1064.png,256,256,vidro,0,0,256,256
vidro_1216.png,256,256,vidro,0,0,256,256
vidro_1408.png,256,256,vidro,0,0,256,256
vidro_664.png,256,256,vidro,0,0,256,256
vidro_1020.png,256,256,vidro,0,0,256,256
vidro_871.png,256,256,vidro,0,0,256,256
vidro_1095.png,256,256,vidro,0,0,256,256
vidro_1367.png,256,256,vidro,0,0,256,256
vidro_100.png,256,256,vidro,0,0,256,256
vidro_532.png,256,256,vidro,0,0,256,256
vidro_144.png,256,256,vidro,0,0,256,256
vidro_138.png,256,256,vidro,0,0,256,256
vidro_1043.png,256,256,vidro,0,0,256,256
vidro_753.png,256,256,vidro,0,0,256,256
vidro_1155.png,256,256,vidro,0,0,256,256
vidro_533.png,256,256,vidro,0,0,256,256
vidro_731.png,256,256,vidro,0,0,256,256
vidro_917.png,256,256,vidro,0,0,256,256
vidro_768.png,256,256,vidro,0,0,256,256
vidro_75.png,256,256,vidro,0,0,256,256
vidro_1134.png,256,256,vidro,0,0,256,256
vidro_1169.png,256,256,vidro,0,0,256,256
vidro_267.png,256,256,vidro,0,0,256,256
vidro_222.png,256,256,vidro,0,0,256,256
vidro_1123.png,256,256,vidro,0,0,256,256
vidro_478.png,256,256,vidro,0,0,256,256
vidro_523.png,256,256,vidro,0,0,256,256
vidro_1291.png,256,256,vidro,0,0,256,256
vidro_1386.png,256,256,vidro,0,0,256,256
vidro_1417.png,256,256,vidro,0,0,256,256
vidro_790.png,256,256,vidro,0,0,256,256
vidro_1266.png,256,256,vidro,0,0,256,256
vidro_749.png,256,256,vidro,0,0,256,256
vidro_1193.png,256,256,vidro,0,0,256,256
vidro_1323.png,256,256,vidro,0,0,256,256
vidro_177.png,256,256,vidro,0,0,256,256
vidro_563.png,256,256,vidro,0,0,256,256
vidro_967.png,256,256,vidro,0,0,256,256
vidro_534.png,256,256,vidro,0,0,256,256
vidro_791.png,256,256,vidro,0,0,256,256
vidro_1263.png,256,256,vidro,0,0,256,256
vidro_830.png,256,256,vidro,0,0,256,256
vidro_916.png,256,256,vidro,0,0,256,256
vidro_46.png,256,256,vidro,0,0,256,256
vidro_1442.png,256,256,vidro,0,0,256,256
vidro_1160.png,256,256,vidro,0,0,256,256
vidro_419.png,256,256,vidro,0,0,256,256
vidro_1058.png,256,256,vidro,0,0,256,256
vidro_1137.png,256,256,vidro,0,0,256,256
vidro_867.png,256,256,vidro,0,0,256,256
vidro_1423.png,256,256,vidro,0,0,256,256
vidro_1265.png,256,256,vidro,0,0,256,256
vidro_557.png,256,256,vidro,0,0,256,256
vidro_459.png,256,256,vidro,0,0,256,256
vidro_535.png,256,256,vidro,0,0,256,256
vidro_1368.png,256,256,vidro,0,0,256,256
vidro_538.png,256,256,vidro,0,0,256,256
vidro_1472.png,256,256,vidro,0,0,256,256
vidro_1016.png,256,256,vidro,0,0,256,256
vidro_1401.png,256,256,vidro,0,0,256,256
vidro_1196.png,256,256,vidro,0,0,256,256
vidro_1044.png,256,256,vidro,0,0,256,256
vidro_703.png,256,256,vidro,0,0,256,256
vidro_976.png,256,256,vidro,0,0,256,256
vidro_1283.png,256,256,vidro,0,0,256,256
vidro_1409.png,256,256,vidro,0,0,256,256
vidro_137.png,256,256,vidro,0,0,256,256
vidro_1468.png,256,256,vidro,0,0,256,256
vidro_963.png,256,256,vidro,0,0,256,256
vidro_701.png,256,256,vidro,0,0,256,256
vidro_777.png,256,256,vidro,0,0,256,256
vidro_822.png,256,256,vidro,0,0,256,256
vidro_795.png,256,256,vidro,0,0,256,256
vidro_1220.png,256,256,vidro,0,0,256,256
vidro_1415.png,256,256,vidro,0,0,256,256
vidro_964.png,256,256,vidro,0,0,256,256
vidro_50.png,256,256,vidro,0,0,256,256
vidro_69.png,256,256,vidro,0,0,256,256
vidro_250.png,256,256,vidro,0,0,256,256
vidro_475.png,256,256,vidro,0,0,256,256
vidro_677.png,256,256,vidro,0,0,256,256
vidro_1232.png,256,256,vidro,0,0,256,256
vidro_464.png,256,256,vidro,0,0,256,256
vidro_517.png,256,256,vidro,0,0,256,256
vidro_1271.png,256,256,vidro,0,0,256,256
vidro_632.png,256,256,vidro,0,0,256,256
vidro_702.png,256,256,vidro,0,0,256,256
vidro_1416.png,256,256,vidro,0,0,256,256
vidro_1006.png,256,256,vidro,0,0,256,256
vidro_240.png,256,256,vidro,0,0,256,256
vidro_1371.png,256,256,vidro,0,0,256,256
vidro_1253.png,256,256,vidro,0,0,256,256
vidro_931.png,256,256,vidro,0,0,256,256
vidro_506.png,256,256,vidro,0,0,256,256
vidro_1129.png,256,256,vidro,0,0,256,256
vidro_1074.png,256,256,vidro,0,0,256,256
vidro_1147.png,256,256,vidro,0,0,256,256
vidro_219.png,256,256,vidro,0,0,256,256
vidro_835.png,256,256,vidro,0,0,256,256
vidro_764.png,256,256,vidro,0,0,256,256
vidro_970.png,256,256,vidro,0,0,256,256
vidro_1019.png,256,256,vidro,0,0,256,256
vidro_783.png,256,256,vidro,0,0,256,256
vidro_366.png,256,256,vidro,0,0,256,256
vidro_877.png,256,256,vidro,0,0,256,256
vidro_158.png,256,256,vidro,0,0,256,256
vidro_712.png,256,256,vidro,0,0,256,256
vidro_945.png,256,256,vidro,0,0,256,256
vidro_1017.png,256,256,vidro,0,0,256,256
vidro_863.png,256,256,vidro,0,0,256,256
vidro_197.png,256,256,vidro,0,0,256,256
vidro_315.png,256,256,vidro,0,0,256,256
vidro_480.png,256,256,vidro,0,0,256,256
vidro_1135.png,256,256,vidro,0,0,256,256
vidro_1148.png,256,256,vidro,0,0,256,256
vidro_445.png,256,256,vidro,0,0,256,256
vidro_452.png,256,256,vidro,0,0,256,256
vidro_1248.png,256,256,vidro,0,0,256,256
vidro_1249.png,256,256,vidro,0,0,256,256
vidro_1247.png,256,256,vidro,0,0,256,256
vidro_1009.png,256,256,vidro,0,0,256,256
vidro_1227.png,256,256,vidro,0,0,256,256
vidro_674.png,256,256,vidro,0,0,256,256
vidro_727.png,256,256,vidro,0,0,256,256
vidro_666.png,256,256,vidro,0,0,256,256
vidro_659.png,256,256,vidro,0,0,256,256
vidro_1289.png,256,256,vidro,0,0,256,256
vidro_1272.png,256,256,vidro,0,0,256,256
vidro_1363.png,256,256,vidro,0,0,256,256
vidro_772.png,256,256,vidro,0,0,256,256
vidro_1072.png,256,256,vidro,0,0,256,256
vidro_59.png,256,256,vidro,0,0,256,256
vidro_634.png,256,256,vidro,0,0,256,256
vidro_778.png,256,256,vidro,0,0,256,256
vidro_724.png,256,256,vidro,0,0,256,256
vidro_17.png,256,256,vidro,0,0,256,256
vidro_690.png,256,256,vidro,0,0,256,256
vidro_1240.png,256,256,vidro,0,0,256,256
vidro_500.png,256,256,vidro,0,0,256,256
vidro_1106.png,256,256,vidro,0,0,256,256
vidro_321.png,256,256,vidro,0,0,256,256
vidro_473.png,256,256,vidro,0,0,256,256
vidro_605.png,256,256,vidro,0,0,256,256
vidro_172.png,256,256,vidro,0,0,256,256
vidro_993.png,256,256,vidro,0,0,256,256
vidro_1264.png,256,256,vidro,0,0,256,256
vidro_782.png,256,256,vidro,0,0,256,256
vidro_928.png,256,256,vidro,0,0,256,256
vidro_496.png,256,256,vidro,0,0,256,256
vidro_97.png,256,256,vidro,0,0,256,256
vidro_16.png,256,256,vidro,0,0,256,256
vidro_1341.png,256,256,vidro,0,0,256,256
vidro_961.png,256,256,vidro,0,0,256,256
vidro_207.png,256,256,vidro,0,0,256,256
vidro_274.png,256,256,vidro,0,0,256,256
vidro_1146.png,256,256,vidro,0,0,256,256
vidro_1360.png,256,256,vidro,0,0,256,256
vidro_809.png,256,256,vidro,0,0,256,256
vidro_234.png,256,256,vidro,0,0,256,256
vidro_293.png,256,256,vidro,0,0,256,256
vidro_360.png,256,256,vidro,0,0,256,256
vidro_1315.png,256,256,vidro,0,0,256,256
vidro_456.png,256,256,vidro,0,0,256,256
vidro_471.png,256,256,vidro,0,0,256,256
vidro_76.png,256,256,vidro,0,0,256,256
vidro_1474.png,256,256,vidro,0,0,256,256
vidro_1049.png,256,256,vidro,0,0,256,256
vidro_934.png,256,256,vidro,0,0,256,256
vidro_262.png,256,256,vidro,0,0,256,256
vidro_161.png,256,256,vidro,0,0,256,256
vidro_857.png,256,256,vidro,0,0,256,256
vidro_1028.png,256,256,vidro,0,0,256,256
vidro_1149.png,256,256,vidro,0,0,256,256
vidro_244.png,256,256,vidro,0,0,256,256
vidro_1358.png,256,256,vidro,0,0,256,256
vidro_1206.png,256,256,vidro,0,0,256,256
vidro_438.png,256,256,vidro,0,0,256,256
vidro_832.png,256,256,vidro,0,0,256,256
vidro_1070.png,256,256,vidro,0,0,256,256
vidro_150.png,256,256,vidro,0,0,256,256
vidro_153.png,256,256,vidro,0,0,256,256
vidro_501.png,256,256,vidro,0,0,256,256
vidro_1212.png,256,256,vidro,0,0,256,256
vidro_757.png,256,256,vidro,0,0,256,256
vidro_687.png,256,256,vidro,0,0,256,256
vidro_73.png,256,256,vidro,0,0,256,256
vidro_750.png,256,256,vidro,0,0,256,256
vidro_220.png,256,256,vidro,0,0,256,256
vidro_1252.png,256,256,vidro,0,0,256,256
vidro_883.png,256,256,vidro,0,0,256,256
vidro_431.png,256,256,vidro,0,0,256,256
vidro_1154.png,256,256,vidro,0,0,256,256
vidro_1257.png,256,256,vidro,0,0,256,256
vidro_951.png,256,256,vidro,0,0,256,256
vidro_1413.png,256,256,vidro,0,0,256,256
vidro_1233.png,256,256,vidro,0,0,256,256
vidro_1026.png,256,256,vidro,0,0,256,256
vidro_744.png,256,256,vidro,0,0,256,256
vidro_80.png,256,256,vidro,0,0,256,256
vidro_395.png,256,256,vidro,0,0,256,256
vidro_947.png,256,256,vidro,0,0,256,256
vidro_622.png,256,256,vidro,0,0,256,256
vidro_1396.png,256,256,vidro,0,0,256,256
vidro_469.png,256,256,vidro,0,0,256,256
vidro_801.png,256,256,vidro,0,0,256,256
vidro_81.png,256,256,vidro,0,0,256,256
vidro_881.png,256,256,vidro,0,0,256,256
vidro_257.png,256,256,vidro,0,0,256,256
vidro_1244.png,256,256,vidro,0,0,256,256
vidro_759.png,256,256,vidro,0,0,256,256
vidro_394.png,256,256,vidro,0,0,256,256
vidro_806.png,256,256,vidro,0,0,256,256
vidro_510.png,256,256,vidro,0,0,256,256
vidro_561.png,256,256,vidro,0,0,256,256
vidro_1292.png,256,256,vidro,0,0,256,256
vidro_644.png,256,256,vidro,0,0,256,256
vidro_1142.png,256,256,vidro,0,0,256,256
vidro_373.png,256,256,vidro,0,0,256,256
vidro_404.png,256,256,vidro,0,0,256,256
vidro_428.png,256,256,vidro,0,0,256,256
vidro_1378.png,256,256,vidro,0,0,256,256
vidro_211.png,256,256,vidro,0,0,256,256
vidro_484.png,256,256,vidro,0,0,256,256
vidro_643.png,256,256,vidro,0,0,256,256
vidro_942.png,256,256,vidro,0,0,256,256
vidro_278.png,256,256,vidro,0,0,256,256
vidro_641.png,256,256,vidro,0,0,256,256
vidro_800.png,256,256,vidro,0,0,256,256
vidro_498.png,256,256,vidro,0,0,256,256
vidro_1133.png,256,256,vidro,0,0,256,256
vidro_1327.png,256,256,vidro,0,0,256,256
vidro_767.png,256,256,vidro,0,0,256,256
vidro_444.png,256,256,vidro,0,0,256,256
vidro_139.png,256,256,vidro,0,0,256,256
vidro_939.png,256,256,vidro,0,0,256,256
vidro_159.png,256,256,vidro,0,0,256,256
vidro_887.png,256,256,vidro,0,0,256,256
vidro_39.png,256,256,vidro,0,0,256,256
vidro_694.png,256,256,vidro,0,0,256,256
vidro_1205.png,256,256,vidro,0,0,256,256
vidro_965.png,256,256,vidro,0,0,256,256
vidro_334.png,256,256,vidro,0,0,256,256
vidro_838.png,256,256,vidro,0,0,256,256
vidro_504.png,256,256,vidro,0,0,256,256
vidro_1210.png,256,256,vidro,0,0,256,256
vidro_95.png,256,256,vidro,0,0,256,256
vidro_247.png,256,256,vidro,0,0,256,256
vidro_1203.png,256,256,vidro,0,0,256,256
vidro_668.png,256,256,vidro,0,0,256,256
vidro_1236.png,256,256,vidro,0,0,256,256
vidro_985.png,256,256,vidro,0,0,256,256
vidro_1296.png,256,256,vidro,0,0,256,256
vidro_1345.png,256,256,vidro,0,0,256,256
vidro_1102.png,256,256,vidro,0,0,256,256
vidro_160.png,256,256,vidro,0,0,256,256
vidro_1158.png,256,256,vidro,0,0,256,256
vidro_776.png,256,256,vidro,0,0,256,256
vidro_340.png,256,256,vidro,0,0,256,256
vidro_1027.png,256,256,vidro,0,0,256,256
vidro_660.png,256,256,vidro,0,0,256,256
vidro_564.png,256,256,vidro,0,0,256,256
vidro_300.png,256,256,vidro,0,0,256,256
vidro_1179.png,256,256,vidro,0,0,256,256
vidro_553.png,256,256,vidro,0,0,256,256
vidro_649.png,256,256,vidro,0,0,256,256
vidro_943.png,256,256,vidro,0,0,256,256
vidro_1282.png,256,256,vidro,0,0,256,256
vidro_921.png,256,256,vidro,0,0,256,256
vidro_78.png,256,256,vidro,0,0,256,256
vidro_71.png,256,256,vidro,0,0,256,256
vidro_1187.png,256,256,vidro,0,0,256,256
vidro_1117.png,256,256,vidro,0,0,256,256
vidro_1375.png,256,256,vidro,0,0,256,256
vidro_973.png,256,256,vidro,0,0,256,256
vidro_341.png,256,256,vidro,0,0,256,256
vidro_185.png,256,256,vidro,0,0,256,256
vidro_147.png,256,256,vidro,0,0,256,256
vidro_277.png,256,256,vidro,0,0,256,256
vidro_549.png,256,256,vidro,0,0,256,256
vidro_454.png,256,256,vidro,0,0,256,256
vidro_656.png,256,256,vidro,0,0,256,256
vidro_1022.png,256,256,vidro,0,0,256,256
vidro_173.png,256,256,vidro,0,0,256,256
vidro_609.png,256,256,vidro,0,0,256,256
vidro_1052.png,256,256,vidro,0,0,256,256
vidro_324.png,256,256,vidro,0,0,256,256
vidro_245.png,256,256,vidro,0,0,256,256
vidro_9.png,256,256,vidro,0,0,256,256
vidro_642.png,256,256,vidro,0,0,256,256
vidro_1483.png,256,256,vidro,0,0,256,256
vidro_898.png,256,256,vidro,0,0,256,256
vidro_163.png,256,256,vidro,0,0,256,256
vidro_380.png,256,256,vidro,0,0,256,256
vidro_907.png,256,256,vidro,0,0,256,256
vidro_1424.png,256,256,vidro,0,0,256,256
vidro_1287.png,256,256,vidro,0,0,256,256
vidro_1407.png,256,256,vidro,0,0,256,256
vidro_327.png,256,256,vidro,0,0,256,256
vidro_1080.png,256,256,vidro,0,0,256,256
vidro_465.png,256,256,vidro,0,0,256,256
vidro_1304.png,256,256,vidro,0,0,256,256
vidro_544.png,256,256,vidro,0,0,256,256
vidro_526.png,256,256,vidro,0,0,256,256
vidro_1107.png,256,256,vidro,0,0,256,256
vidro_595.png,256,256,vidro,0,0,256,256
vidro_171.png,256,256,vidro,0,0,256,256
vidro_1125.png,256,256,vidro,0,0,256,256
vidro_716.png,256,256,vidro,0,0,256,256
vidro_1338.png,256,256,vidro,0,0,256,256
vidro_309.png,256,256,vidro,0,0,256,256
vidro_613.png,256,256,vidro,0,0,256,256
vidro_369.png,256,256,vidro,0,0,256,256
vidro_271.png,256,256,vidro,0,0,256,256
vidro_1482.png,256,256,vidro,0,0,256,256
vidro_1161.png,256,256,vidro,0,0,256,256
vidro_346.png,256,256,vidro,0,0,256,256
vidro_58.png,256,256,vidro,0,0,256,256
vidro_174.png,256,256,vidro,0,0,256,256
vidro_596.png,256,256,vidro,0,0,256,256
vidro_1255.png,256,256,vidro,0,0,256,256
vidro_514.png,256,256,vidro,0,0,256,256
vidro_984.png,256,256,vidro,0,0,256,256
vidro_992.png,256,256,vidro,0,0,256,256
vidro_423.png,256,256,vidro,0,0,256,256
vidro_894.png,256,256,vidro,0,0,256,256
vidro_732.png,256,256,vidro,0,0,256,256
vidro_1318.png,256,256,vidro,0,0,256,256
vidro_785.png,256,256,vidro,0,0,256,256
vidro_195.png,256,256,vidro,0,0,256,256
vidro_1173.png,256,256,vidro,0,0,256,256
vidro_193.png,256,256,vidro,0,0,256,256
vidro_31.png,256,256,vidro,0,0,256,256
vidro_382.png,256,256,vidro,0,0,256,256
vidro_1485.png,256,256,vidro,0,0,256,256
vidro_156.png,256,256,vidro,0,0,256,256
vidro_155.png,256,256,vidro,0,0,256,256
vidro_1085.png,256,256,vidro,0,0,256,256
vidro_204.png,256,256,vidro,0,0,256,256
vidro_1239.png,256,256,vidro,0,0,256,256
vidro_1295.png,256,256,vidro,0,0,256,256
vidro_1431.png,256,256,vidro,0,0,256,256
vidro_839.png,256,256,vidro,0,0,256,256
vidro_1053.png,256,256,vidro,0,0,256,256
vidro_1464.png,256,256,vidro,0,0,256,256
vidro_888.png,256,256,vidro,0,0,256,256
vidro_717.png,256,256,vidro,0,0,256,256
vidro_258.png,256,256,vidro,0,0,256,256
vidro_44.png,256,256,vidro,0,0,256,256
vidro_543.png,256,256,vidro,0,0,256,256
vidro_577.png,256,256,vidro,0,0,256,256
vidro_23.png,256,256,vidro,0,0,256,256
vidro_1224.png,256,256,vidro,0,0,256,256
vidro_1274.png,256,256,vidro,0,0,256,256
vidro_215.png,256,256,vidro,0,0,256,256
vidro_42.png,256,256,vidro,0,0,256,256
vidro_588.png,256,256,vidro,0,0,256,256
vidro_1041.png,256,256,vidro,0,0,256,256
vidro_1037.png,256,256,vidro,0,0,256,256
vidro_225.png,256,256,vidro,0,0,256,256
vidro_999.png,256,256,vidro,0,0,256,256
vidro_1432.png,256,256,vidro,0,0,256,256
vidro_105.png,256,256,vidro,0,0,256,256
vidro_821.png,256,256,vidro,0,0,256,256
vidro_950.png,256,256,vidro,0,0,256,256
vidro_74.png,256,256,vidro,0,0,256,256
vidro_735.png,256,256,vidro,0,0,256,256
vidro_1314.png,256,256,vidro,0,0,256,256
vidro_194.png,256,256,vidro,0,0,256,256
vidro_1079.png,256,256,vidro,0,0,256,256
vidro_381.png,256,256,vidro,0,0,256,256
vidro_853.png,256,256,vidro,0,0,256,256
vidro_771.png,256,256,vidro,0,0,256,256
vidro_82.png,256,256,vidro,0,0,256,256
vidro_925.png,256,256,vidro,0,0,256,256
vidro_1319.png,256,256,vidro,0,0,256,256
vidro_34.png,256,256,vidro,0,0,256,256
vidro_852.png,256,256,vidro,0,0,256,256
vidro_737.png,256,256,vidro,0,0,256,256
vidro_1261.png,256,256,vidro,0,0,256,256
vidro_855.png,256,256,vidro,0,0,256,256
vidro_1124.png,256,256,vidro,0,0,256,256
vidro_1461.png,256,256,vidro,0,0,256,256
vidro_814.png,256,256,vidro,0,0,256,256
vidro_1127.png,256,256,vidro,0,0,256,256
vidro_289.png,256,256,vidro,0,0,256,256
vidro_1237.png,256,256,vidro,0,0,256,256
vidro_1225.png,256,256,vidro,0,0,256,256
vidro_654.png,256,256,vidro,0,0,256,256
vidro_548.png,256,256,vidro,0,0,256,256
vidro_237.png,256,256,vidro,0,0,256,256
vidro_1012.png,256,256,vidro,0,0,256,256
vidro_616.png,256,256,vidro,0,0,256,256
vidro_828.png,256,256,vidro,0,0,256,256
vidro_513.png,256,256,vidro,0,0,256,256
vidro_1029.png,256,256,vidro,0,0,256,256
vidro_352.png,256,256,vidro,0,0,256,256
vidro_1228.png,256,256,vidro,0,0,256,256
vidro_570.png,256,256,vidro,0,0,256,256
vidro_1002.png,256,256,vidro,0,0,256,256
vidro_1231.png,256,256,vidro,0,0,256,256
vidro_930.png,256,256,vidro,0,0,256,256
vidro_20.png,256,256,vidro,0,0,256,256
vidro_752.png,256,256,vidro,0,0,256,256
vidro_96.png,256,256,vidro,0,0,256,256
vidro_869.png,256,256,vidro,0,0,256,256
vidro_551.png,256,256,vidro,0,0,256,256
vidro_1105.png,256,256,vidro,0,0,256,256
vidro_1047.png,256,256,vidro,0,0,256,256
vidro_602.png,256,256,vidro,0,0,256,256
vidro_248.png,256,256,vidro,0,0,256,256
vidro_169.png,256,256,vidro,0,0,256,256
vidro_108.png,256,256,vidro,0,0,256,256
vidro_937.png,256,256,vidro,0,0,256,256
vidro_1004.png,256,256,vidro,0,0,256,256
vidro_99.png,256,256,vidro,0,0,256,256
vidro_1086.png,256,256,vidro,0,0,256,256
vidro_1207.png,256,256,vidro,0,0,256,256
vidro_87.png,256,256,vidro,0,0,256,256
vidro_843.png,256,256,vidro,0,0,256,256
vidro_162.png,256,256,vidro,0,0,256,256
vidro_1140.png,256,256,vidro,0,0,256,256
vidro_294.png,256,256,vidro,0,0,256,256
vidro_1018.png,256,256,vidro,0,0,256,256
vidro_1230.png,256,256,vidro,0,0,256,256
vidro_357.png,256,256,vidro,0,0,256,256
vidro_1056.png,256,256,vidro,0,0,256,256
vidro_1221.png,256,256,vidro,0,0,256,256
vidro_552.png,256,256,vidro,0,0,256,256
vidro_1112.png,256,256,vidro,0,0,256,256
vidro_865.png,256,256,vidro,0,0,256,256
vidro_811.png,256,256,vidro,0,0,256,256
vidro_697.png,256,256,vidro,0,0,256,256
vidro_477.png,256,256,vidro,0,0,256,256
vidro_620.png,256,256,vidro,0,0,256,256
vidro_308.png,256,256,vidro,0,0,256,256
vidro_859.png,256,256,vidro,0,0,256,256
vidro_1096.png,256,256,vidro,0,0,256,256
vidro_661.png,256,256,vidro,0,0,256,256
vidro_221.png,256,256,vidro,0,0,256,256
vidro_875.png,256,256,vidro,0,0,256,256
vidro_729.png,256,256,vidro,0,0,256,256
vidro_1444.png,256,256,vidro,0,0,256,256
vidro_48.png,256,256,vidro,0,0,256,256
vidro_710.png,256,256,vidro,0,0,256,256
vidro_1057.png,256,256,vidro,0,0,256,256
vidro_1229.png,256,256,vidro,0,0,256,256
vidro_60.png,256,256,vidro,0,0,256,256
vidro_1165.png,256,256,vidro,0,0,256,256
vidro_345.png,256,256,vidro,0,0,256,256
vidro_1437.png,256,256,vidro,0,0,256,256
vidro_474.png,256,256,vidro,0,0,256,256
vidro_547.png,256,256,vidro,0,0,256,256
vidro_739.png,256,256,vidro,0,0,256,256
vidro_689.png,256,256,vidro,0,0,256,256
vidro_485.png,256,256,vidro,0,0,256,256
vidro_929.png,256,256,vidro,0,0,256,256
vidro_5.png,256,256,vidro,0,0,256,256
vidro_719.png,256,256,vidro,0,0,256,256
vidro_1067.png,256,256,vidro,0,0,256,256
vidro_870.png,256,256,vidro,0,0,256,256
vidro_1008.png,256,256,vidro,0,0,256,256
vidro_1238.png,256,256,vidro,0,0,256,256
vidro_736.png,256,256,vidro,0,0,256,256
vidro_721.png,256,256,vidro,0,0,256,256
vidro_995.png,256,256,vidro,0,0,256,256
vidro_1374.png,256,256,vidro,0,0,256,256
vidro_421.png,256,256,vidro,0,0,256,256
vidro_980.png,256,256,vidro,0,0,256,256
vidro_623.png,256,256,vidro,0,0,256,256
vidro_1305.png,256,256,vidro,0,0,256,256
vidro_450.png,256,256,vidro,0,0,256,256
vidro_1097.png,256,256,vidro,0,0,256,256
vidro_349.png,256,256,vidro,0,0,256,256
vidro_909.png,256,256,vidro,0,0,256,256
vidro_365.png,256,256,vidro,0,0,256,256
vidro_330.png,256,256,vidro,0,0,256,256
vidro_370.png,256,256,vidro,0,0,256,256
vidro_403.png,256,256,vidro,0,0,256,256
vidro_555.png,256,256,vidro,0,0,256,256
vidro_1455.png,256,256,vidro,0,0,256,256
vidro_1470.png,256,256,vidro,0,0,256,256
vidro_1328.png,256,256,vidro,0,0,256,256
vidro_662.png,256,256,vidro,0,0,256,256
vidro_936.png,256,256,vidro,0,0,256,256
vidro_1163.png,256,256,vidro,0,0,256,256
vidro_740.png,256,256,vidro,0,0,256,256
vidro_355.png,256,256,vidro,0,0,256,256
vidro_371.png,256,256,vidro,0,0,256,256
vidro_15.png,256,256,vidro,0,0,256,256
vidro_1457.png,256,256,vidro,0,0,256,256
vidro_304.png,256,256,vidro,0,0,256,256
vidro_390.png,256,256,vidro,0,0,256,256
vidro_966.png,256,256,vidro,0,0,256,256
vidro_1005.png,256,256,vidro,0,0,256,256
vidro_813.png,256,256,vidro,0,0,256,256
vidro_186.png,256,256,vidro,0,0,256,256
vidro_699.png,256,256,vidro,0,0,256,256
vidro_897.png,256,256,vidro,0,0,256,256
vidro_466.png,256,256,vidro,0,0,256,256
vidro_1412.png,256,256,vidro,0,0,256,256
vidro_1451.png,256,256,vidro,0,0,256,256
vidro_1355.png,256,256,vidro,0,0,256,256
vidro_306.png,256,256,vidro,0,0,256,256
vidro_1365.png,256,256,vidro,0,0,256,256
vidro_1051.png,256,256,vidro,0,0,256,256
vidro_1343.png,256,256,vidro,0,0,256,256
vidro_414.png,256,256,vidro,0,0,256,256
vidro_415.png,256,256,vidro,0,0,256,256
vidro_706.png,256,256,vidro,0,0,256,256
vidro_1310.png,256,256,vidro,0,0,256,256
vidro_260.png,256,256,vidro,0,0,256,256
vidro_906.png,256,256,vidro,0,0,256,256
vidro_1101.png,256,256,vidro,0,0,256,256
vidro_823.png,256,256,vidro,0,0,256,256
vidro_1118.png,256,256,vidro,0,0,256,256
vidro_348.png,256,256,vidro,0,0,256,256
vidro_599.png,256,256,vidro,0,0,256,256
vidro_846.png,256,256,vidro,0,0,256,256
vidro_1473.png,256,256,vidro,0,0,256,256
vidro_1151.png,256,256,vidro,0,0,256,256
vidro_90.png,256,256,vidro,0,0,256,256
vidro_519.png,256,256,vidro,0,0,256,256
vidro_849.png,256,256,vidro,0,0,256,256
vidro_463.png,256,256,vidro,0,0,256,256
vidro_1176.png,256,256,vidro,0,0,256,256
vidro_479.png,256,256,vidro,0,0,256,256
vidro_320.png,256,256,vidro,0,0,256,256
vidro_236.png,256,256,vidro,0,0,256,256
vidro_817.png,256,256,vidro,0,0,256,256
vidro_742.png,256,256,vidro,0,0,256,256
vidro_953.png,256,256,vidro,0,0,256,256
vidro_1475.png,256,256,vidro,0,0,256,256
vidro_364.png,256,256,vidro,0,0,256,256
vidro_332.png,256,256,vidro,0,0,256,256
vidro_1278.png,256,256,vidro,0,0,256,256
vidro_848.png,256,256,vidro,0,0,256,256
vidro_834.png,256,256,vidro,0,0,256,256
vidro_311.png,256,256,vidro,0,0,256,256
vidro_761.png,256,256,vidro,0,0,256,256
vidro_562.png,256,256,vidro,0,0,256,256
vidro_487.png,256,256,vidro,0,0,256,256
vidro_628.png,256,256,vidro,0,0,256,256
vidro_489.png,256,256,vidro,0,0,256,256
vidro_1180.png,256,256,vidro,0,0,256,256
vidro_287.png,256,256,vidro,0,0,256,256
vidro_190.png,256,256,vidro,0,0,256,256
vidro_1279.png,256,256,vidro,0,0,256,256
vidro_25.png,256,256,vidro,0,0,256,256
vidro_1426.png,256,256,vidro,0,0,256,256
vidro_940.png,256,256,vidro,0,0,256,256
vidro_798.png,256,256,vidro,0,0,256,256
vidro_615.png,256,256,vidro,0,0,256,256
vidro_560.png,256,256,vidro,0,0,256,256
vidro_639.png,256,256,vidro,0,0,256,256
vidro_986.png,256,256,vidro,0,0,256,256
vidro_1372.png,256,256,vidro,0,0,256,256
vidro_40.png,256,256,vidro,0,0,256,256
vidro_1223.png,256,256,vidro,0,0,256,256
vidro_254.png,256,256,vidro,0,0,256,256
vidro_1011.png,256,256,vidro,0,0,256,256
vidro_1138.png,256,256,vidro,0,0,256,256
vidro_192.png,256,256,vidro,0,0,256,256
vidro_1447.png,256,256,vidro,0,0,256,256
vidro_509.png,256,256,vidro,0,0,256,256
vidro_392.png,256,256,vidro,0,0,256,256
vidro_606.png,256,256,vidro,0,0,256,256
vidro_52.png,256,256,vidro,0,0,256,256
vidro_975.png,256,256,vidro,0,0,256,256
vidro_281.png,256,256,vidro,0,0,256,256
vidro_530.png,256,256,vidro,0,0,256,256
vidro_1446.png,256,256,vidro,0,0,256,256
vidro_1099.png,256,256,vidro,0,0,256,256
vidro_895.png,256,256,vidro,0,0,256,256
vidro_121.png,256,256,vidro,0,0,256,256
vidro_1459.png,256,256,vidro,0,0,256,256
vidro_399.png,256,256,vidro,0,0,256,256
vidro_361.png,256,256,vidro,0,0,256,256
vidro_714.png,256,256,vidro,0,0,256,256
vidro_359.png,256,256,vidro,0,0,256,256
vidro_787.png,256,256,vidro,0,0,256,256
vidro_893.png,256,256,vidro,0,0,256,256
vidro_1183.png,256,256,vidro,0,0,256,256
vidro_891.png,256,256,vidro,0,0,256,256
vidro_291.png,256,256,vidro,0,0,256,256
vidro_807.png,256,256,vidro,0,0,256,256
vidro_1364.png,256,256,vidro,0,0,256,256
vidro_575.png,256,256,vidro,0,0,256,256
vidro_803.png,256,256,vidro,0,0,256,256
vidro_685.png,256,256,vidro,0,0,256,256
vidro_230.png,256,256,vidro,0,0,256,256
vidro_905.png,256,256,vidro,0,0,256,256
vidro_829.png,256,256,vidro,0,0,256,256
vidro_1100.png,256,256,vidro,0,0,256,256
vidro_299.png,256,256,vidro,0,0,256,256
vidro_1438.png,256,256,vidro,0,0,256,256
vidro_816.png,256,256,vidro,0,0,256,256
vidro_180.png,256,256,vidro,0,0,256,256
vidro_601.png,256,256,vidro,0,0,256,256
vidro_515.png,256,256,vidro,0,0,256,256
vidro_1201.png,256,256,vidro,0,0,256,256
vidro_978.png,256,256,vidro,0,0,256,256
vidro_181.png,256,256,vidro,0,0,256,256
vidro_301.png,256,256,vidro,0,0,256,256
vidro_376.png,256,256,vidro,0,0,256,256
vidro_1217.png,256,256,vidro,0,0,256,256
vidro_396.png,256,256,vidro,0,0,256,256
vidro_646.png,256,256,vidro,0,0,256,256
vidro_268.png,256,256,vidro,0,0,256,256
vidro_1131.png,256,256,vidro,0,0,256,256
vidro_842.png,256,256,vidro,0,0,256,256
vidro_339.png,256,256,vidro,0,0,256,256
vidro_1245.png,256,256,vidro,0,0,256,256
vidro_1089.png,256,256,vidro,0,0,256,256
vidro_521.png,256,256,vidro,0,0,256,256
vidro_1033.png,256,256,vidro,0,0,256,256
vidro_79.png,256,256,vidro,0,0,256,256
vidro_1055.png,256,256,vidro,0,0,256,256
vidro_868.png,256,256,vidro,0,0,256,256
vidro_1141.png,256,256,vidro,0,0,256,256
vidro_804.png,256,256,vidro,0,0,256,256
vidro_417.png,256,256,vidro,0,0,256,256
vidro_841.png,256,256,vidro,0,0,256,256
vidro_1456.png,256,256,vidro,0,0,256,256
vidro_470.png,256,256,vidro,0,0,256,256
vidro_242.png,256,256,vidro,0,0,256,256
vidro_1277.png,256,256,vidro,0,0,256,256
vidro_1297.png,256,256,vidro,0,0,256,256
vidro_546.png,256,256,vidro,0,0,256,256
vidro_1214.png,256,256,vidro,0,0,256,256
vidro_707.png,256,256,vidro,0,0,256,256
vidro_389.png,256,256,vidro,0,0,256,256
vidro_607.png,256,256,vidro,0,0,256,256
vidro_198.png,256,256,vidro,0,0,256,256
vidro_1351.png,256,256,vidro,0,0,256,256
vidro_793.png,256,256,vidro,0,0,256,256
vidro_808.png,256,256,vidro,0,0,256,256
vidro_32.png,256,256,vidro,0,0,256,256
vidro_665.png,256,256,vidro,0,0,256,256
vidro_457.png,256,256,vidro,0,0,256,256
vidro_960.png,256,256,vidro,0,0,256,256
vidro_1420.png,256,256,vidro,0,0,256,256
vidro_592.png,256,256,vidro,0,0,256,256
vidro_775.png,256,256,vidro,0,0,256,256
vidro_1462.png,256,256,vidro,0,0,256,256
vidro_1234.png,256,256,vidro,0,0,256,256
vidro_326.png,256,256,vidro,0,0,256,256
vidro_1460.png,256,256,vidro,0,0,256,256
vidro_1419.png,256,256,vidro,0,0,256,256
vidro_1377.png,256,256,vidro,0,0,256,256
vidro_957.png,256,256,vidro,0,0,256,256
vidro_896.png,256,256,vidro,0,0,256,256
vidro_443.png,256,256,vidro,0,0,256,256
vidro_998.png,256,256,vidro,0,0,256,256
vidro_568.png,256,256,vidro,0,0,256,256
vidro_518.png,256,256,vidro,0,0,256,256
vidro_600.png,256,256,vidro,0,0,256,256
vidro_164.png,256,256,vidro,0,0,256,256
vidro_1307.png,256,256,vidro,0,0,256,256
vidro_1387.png,256,256,vidro,0,0,256,256
vidro_550.png,256,256,vidro,0,0,256,256
vidro_1268.png,256,256,vidro,0,0,256,256
vidro_1136.png,256,256,vidro,0,0,256,256
vidro_971.png,256,256,vidro,0,0,256,256
vidro_630.png,256,256,vidro,0,0,256,256
vidro_1251.png,256,256,vidro,0,0,256,256
vidro_279.png,256,256,vidro,0,0,256,256
vidro_1353.png,256,256,vidro,0,0,256,256
vidro_948.png,256,256,vidro,0,0,256,256
vidro_1478.png,256,256,vidro,0,0,256,256
vidro_996.png,256,256,vidro,0,0,256,256
vidro_154.png,256,256,vidro,0,0,256,256
vidro_511.png,256,256,vidro,0,0,256,256
vidro_409.png,256,256,vidro,0,0,256,256
vidro_696.png,256,256,vidro,0,0,256,256
vidro_434.png,256,256,vidro,0,0,256,256
vidro_571.png,256,256,vidro,0,0,256,256
vidro_317.png,256,256,vidro,0,0,256,256
vidro_756.png,256,256,vidro,0,0,256,256
vidro_1115.png,256,256,vidro,0,0,256,256
vidro_1454.png,256,256,vidro,0,0,256,256
vidro_745.png,256,256,vidro,0,0,256,256
vidro_1036.png,256,256,vidro,0,0,256,256
vidro_738.png,256,256,vidro,0,0,256,256
vidro_124.png,256,256,vidro,0,0,256,256
vidro_488.png,256,256,vidro,0,0,256,256
vidro_760.png,256,256,vidro,0,0,256,256
vidro_1427.png,256,256,vidro,0,0,256,256
vidro_983.png,256,256,vidro,0,0,256,256
vidro_1317.png,256,256,vidro,0,0,256,256
vidro_594.png,256,256,vidro,0,0,256,256
vidro_1403.png,256,256,vidro,0,0,256,256
vidro_528.png,256,256,vidro,0,0,256,256
vidro_1060.png,256,256,vidro,0,0,256,256
vidro_1393.png,256,256,vidro,0,0,256,256
vidro_200.png,256,256,vidro,0,0,256,256
vidro_84.png,256,256,vidro,0,0,256,256
vidro_507.png,256,256,vidro,0,0,256,256
vidro_755.png,256,256,vidro,0,0,256,256
vidro_831.png,256,256,vidro,0,0,256,256
vidro_410.png,256,256,vidro,0,0,256,256
vidro_505.png,256,256,vidro,0,0,256,256
vidro_1071.png,256,256,vidro,0,0,256,256
vidro_64.png,256,256,vidro,0,0,256,256
vidro_693.png,256,256,vidro,0,0,256,256
vidro_375.png,256,256,vidro,0,0,256,256
vidro_545.png,256,256,vidro,0,0,256,256
vidro_1366.png,256,256,vidro,0,0,256,256
vidro_3.png,256,256,vidro,0,0,256,256
vidro_580.png,256,256,vidro,0,0,256,256
vidro_1110.png,256,256,vidro,0,0,256,256
vidro_1469.png,256,256,vidro,0,0,256,256
vidro_1267.png,256,256,vidro,0,0,256,256
vidro_416.png,256,256,vidro,0,0,256,256
vidro_67.png,256,256,vidro,0,0,256,256
vidro_1068.png,256,256,vidro,0,0,256,256
vidro_1081.png,256,256,vidro,0,0,256,256
vidro_1104.png,256,256,vidro,0,0,256,256
vidro_850.png,256,256,vidro,0,0,256,256
vidro_886.png,256,256,vidro,0,0,256,256
vidro_449.png,256,256,vidro,0,0,256,256
vidro_1370.png,256,256,vidro,0,0,256,256
vidro_766.png,256,256,vidro,0,0,256,256
vidro_633.png,256,256,vidro,0,0,256,256
vidro_1087.png,256,256,vidro,0,0,256,256
vidro_959.png,256,256,vidro,0,0,256,256
vidro_286.png,256,256,vidro,0,0,256,256
vidro_797.png,256,256,vidro,0,0,256,256
vidro_43.png,256,256,vidro,0,0,256,256
vidro_1063.png,256,256,vidro,0,0,256,256
vidro_101.png,256,256,vidro,0,0,256,256
vidro_1376.png,256,256,vidro,0,0,256,256
vidro_1477.png,256,256,vidro,0,0,256,256
vidro_170.png,256,256,vidro,0,0,256,256
vidro_398.png,256,256,vidro,0,0,256,256
vidro_1312.png,256,256,vidro,0,0,256,256
vidro_272.png,256,256,vidro,0,0,256,256
vidro_618.png,256,256,vidro,0,0,256,256
vidro_612.png,256,256,vidro,0,0,256,256
vidro_1406.png,256,256,vidro,0,0,256,256
vidro_143.png,256,256,vidro,0,0,256,256
vidro_1373.png,256,256,vidro,0,0,256,256
vidro_1109.png,256,256,vidro,0,0,256,256
vidro_748.png,256,256,vidro,0,0,256,256
vidro_1197.png,256,256,vidro,0,0,256,256
vidro_770.png,256,256,vidro,0,0,256,256
vidro_1194.png,256,256,vidro,0,0,256,256
vidro_4.png,256,256,vidro,0,0,256,256
vidro_743.png,256,256,vidro,0,0,256,256
vidro_397.png,256,256,vidro,0,0,256,256
vidro_1302.png,256,256,vidro,0,0,256,256
vidro_1309.png,256,256,vidro,0,0,256,256
vidro_24.png,256,256,vidro,0,0,256,256
vidro_462.png,256,256,vidro,0,0,256,256
vidro_182.png,256,256,vidro,0,0,256,256
vidro_1299.png,256,256,vidro,0,0,256,256
vidro_35.png,256,256,vidro,0,0,256,256
vidro_1171.png,256,256,vidro,0,0,256,256
vidro_1458.png,256,256,vidro,0,0,256,256
vidro_818.png,256,256,vidro,0,0,256,256
vidro_1316.png,256,256,vidro,0,0,256,256
vidro_882.png,256,256,vidro,0,0,256,256
vidro_529.png,256,256,vidro,0,0,256,256
vidro_824.png,256,256,vidro,0,0,256,256
vidro_337.png,256,256,vidro,0,0,256,256
vidro_572.png,256,256,vidro,0,0,256,256
vidro_1130.png,256,256,vidro,0,0,256,256
vidro_935.png,256,256,vidro,0,0,256,256
vidro_837.png,256,256,vidro,0,0,256,256
vidro_45.png,256,256,vidro,0,0,256,256
vidro_682.png,256,256,vidro,0,0,256,256
vidro_472.png,256,256,vidro,0,0,256,256
vidro_1298.png,256,256,vidro,0,0,256,256
vidro_774.png,256,256,vidro,0,0,256,256
vidro_94.png,256,256,vidro,0,0,256,256
vidro_598.png,256,256,vidro,0,0,256,256
vidro_638.png,256,256,vidro,0,0,256,256
vidro_722.png,256,256,vidro,0,0,256,256
vidro_629.png,256,256,vidro,0,0,256,256
vidro_554.png,256,256,vidro,0,0,256,256
vidro_1082.png,256,256,vidro,0,0,256,256
vidro_189.png,256,256,vidro,0,0,256,256
vidro_1344.png,256,256,vidro,0,0,256,256
vidro_1336.png,256,256,vidro,0,0,256,256
vidro_988.png,256,256,vidro,0,0,256,256
vidro_1177.png,256,256,vidro,0,0,256,256
vidro_218.png,256,256,vidro,0,0,256,256
vidro_18.png,256,256,vidro,0,0,256,256
vidro_1190.png,256,256,vidro,0,0,256,256
vidro_13.png,256,256,vidro,0,0,256,256
vidro_1369.png,256,256,vidro,0,0,256,256
vidro_576.png,256,256,vidro,0,0,256,256
vidro_1465.png,256,256,vidro,0,0,256,256
vidro_559.png,256,256,vidro,0,0,256,256
vidro_946.png,256,256,vidro,0,0,256,256
vidro_118.png,256,256,vidro,0,0,256,256
vidro_1076.png,256,256,vidro,0,0,256,256
vidro_103.png,256,256,vidro,0,0,256,256
vidro_1486.png,256,256,vidro,0,0,256,256
vidro_29.png,256,256,vidro,0,0,256,256
vidro_1088.png,256,256,vidro,0,0,256,256
vidro_310.png,256,256,vidro,0,0,256,256
vidro_1294.png,256,256,vidro,0,0,256,256
vidro_384.png,256,256,vidro,0,0,256,256
vidro_997.png,256,256,vidro,0,0,256,256
vidro_1362.png,256,256,vidro,0,0,256,256
vidro_36.png,256,256,vidro,0,0,256,256
vidro_1440.png,256,256,vidro,0,0,256,256
vidro_591.png,256,256,vidro,0,0,256,256
vidro_1174.png,256,256,vidro,0,0,256,256
vidro_1466.png,256,256,vidro,0,0,256,256
vidro_1400.png,256,256,vidro,0,0,256,256
vidro_322.png,256,256,vidro,0,0,256,256
vidro_439.png,256,256,vidro,0,0,256,256
vidro_1021.png,256,256,vidro,0,0,256,256
vidro_667.png,256,256,vidro,0,0,256,256
vidro_725.png,256,256,vidro,0,0,256,256
vidro_1269.png,256,256,vidro,0,0,256,256
vidro_239.png,256,256,vidro,0,0,256,256
vidro_168.png,256,256,vidro,0,0,256,256
vidro_815.png,256,256,vidro,0,0,256,256
vidro_700.png,256,256,vidro,0,0,256,256
vidro_298.png,256,256,vidro,0,0,256,256
vidro_810.png,256,256,vidro,0,0,256,256
vidro_1450.png,256,256,vidro,0,0,256,256
vidro_1350.png,256,256,vidro,0,0,256,256
vidro_385.png,256,256,vidro,0,0,256,256
vidro_1260.png,256,256,vidro,0,0,256,256
vidro_1211.png,256,256,vidro,0,0,256,256
vidro_812.png,256,256,vidro,0,0,256,256
vidro_769.png,256,256,vidro,0,0,256,256
vidro_636.png,256,256,vidro,0,0,256,256
vidro_1032.png,256,256,vidro,0,0,256,256
vidro_497.png,256,256,vidro,0,0,256,256
vidro_187.png,256,256,vidro,0,0,256,256
vidro_1001.png,256,256,vidro,0,0,256,256
vidro_243.png,256,256,vidro,0,0,256,256
vidro_47.png,256,256,vidro,0,0,256,256
vidro_890.png,256,256,vidro,0,0,256,256
vidro_1098.png,256,256,vidro,0,0,256,256
vidro_188.png,256,256,vidro,0,0,256,256
vidro_671.png,256,256,vidro,0,0,256,256
vidro_1075.png,256,256,vidro,0,0,256,256
vidro_635.png,256,256,vidro,0,0,256,256
vidro_102.png,256,256,vidro,0,0,256,256
vidro_109.png,256,256,vidro,0,0,256,256
vidro_680.png,256,256,vidro,0,0,256,256
vidro_265.png,256,256,vidro,0,0,256,256
vidro_1449.png,256,256,vidro,0,0,256,256
vidro_266.png,256,256,vidro,0,0,256,256
vidro_199.png,256,256,vidro,0,0,256,256
vidro_780.png,256,256,vidro,0,0,256,256
vidro_1119.png,256,256,vidro,0,0,256,256
vidro_684.png,256,256,vidro,0,0,256,256
vidro_918.png,256,256,vidro,0,0,256,256
vidro_1162.png,256,256,vidro,0,0,256,256
vidro_657.png,256,256,vidro,0,0,256,256
vidro_1452.png,256,256,vidro,0,0,256,256
vidro_146.png,256,256,vidro,0,0,256,256
vidro_1402.png,256,256,vidro,0,0,256,256
vidro_117.png,256,256,vidro,0,0,256,256
vidro_1218.png,256,256,vidro,0,0,256,256
vidro_251.png,256,256,vidro,0,0,256,256
vidro_858.png,256,256,vidro,0,0,256,256
vidro_460.png,256,256,vidro,0,0,256,256
vidro_38.png,256,256,vidro,0,0,256,256
vidro_1476.png,256,256,vidro,0,0,256,256
vidro_1192.png,256,256,vidro,0,0,256,256
vidro_531.png,256,256,vidro,0,0,256,256
vidro_1185.png,256,256,vidro,0,0,256,256
vidro_1270.png,256,256,vidro,0,0,256,256
vidro_77.png,256,256,vidro,0,0,256,256
vidro_411.png,256,256,vidro,0,0,256,256
vidro_1150.png,256,256,vidro,0,0,256,256
vidro_762.png,256,256,vidro,0,0,256,256
vidro_792.png,256,256,vidro,0,0,256,256
vidro_432.png,256,256,vidro,0,0,256,256
vidro_1398.png,256,256,vidro,0,0,256,256
vidro_1357.png,256,256,vidro,0,0,256,256
vidro_908.png,256,256,vidro,0,0,256,256
vidro_952.png,256,256,vidro,0,0,256,256
vidro_377.png,256,256,vidro,0,0,256,256
vidro_1170.png,256,256,vidro,0,0,256,256
vidro_933.png,256,256,vidro,0,0,256,256
vidro_1186.png,256,256,vidro,0,0,256,256
vidro_746.png,256,256,vidro,0,0,256,256
vidro_692.png,256,256,vidro,0,0,256,256
vidro_1156.png,256,256,vidro,0,0,256,256
vidro_1168.png,256,256,vidro,0,0,256,256
vidro_522.png,256,256,vidro,0,0,256,256
vidro_631.png,256,256,vidro,0,0,256,256
vidro_441.png,256,256,vidro,0,0,256,256
vidro_8.png,256,256,vidro,0,0,256,256
vidro_919.png,256,256,vidro,0,0,256,256
vidro_249.png,256,256,vidro,0,0,256,256
vidro_372.png,256,256,vidro,0,0,256,256
vidro_1.png,256,256,vidro,0,0,256,256
vidro_1034.png,256,256,vidro,0,0,256,256
vidro_923.png,256,256,vidro,0,0,256,256
vidro_989.png,256,256,vidro,0,0,256,256
vidro_213.png,256,256,vidro,0,0,256,256
vidro_1157.png,256,256,vidro,0,0,256,256
vidro_295.png,256,256,vidro,0,0,256,256
vidro_205.png,256,256,vidro,0,0,256,256
vidro_794.png,256,256,vidro,0,0,256,256
vidro_226.png,256,256,vidro,0,0,256,256
vidro_872.png,256,256,vidro,0,0,256,256
vidro_1198.png,256,256,vidro,0,0,256,256
vidro_7.png,256,256,vidro,0,0,256,256
vidro_1259.png,256,256,vidro,0,0,256,256
vidro_1014.png,256,256,vidro,0,0,256,256
vidro_356.png,256,256,vidro,0,0,256,256
vidro_536.png,256,256,vidro,0,0,256,256
vidro_383.png,256,256,vidro,0,0,256,256
vidro_282.png,256,256,vidro,0,0,256,256
vidro_1083.png,256,256,vidro,0,0,256,256
vidro_467.png,256,256,vidro,0,0,256,256
vidro_223.png,256,256,vidro,0,0,256,256
vidro_343.png,256,256,vidro,0,0,256,256
vidro_420.png,256,256,vidro,0,0,256,256
vidro_422.png,256,256,vidro,0,0,256,256
vidro_1073.png,256,256,vidro,0,0,256,256
vidro_1356.png,256,256,vidro,0,0,256,256
vidro_202.png,256,256,vidro,0,0,256,256
vidro_969.png,256,256,vidro,0,0,256,256
vidro_640.png,256,256,vidro,0,0,256,256
vidro_1293.png,256,256,vidro,0,0,256,256
vidro_1284.png,256,256,vidro,0,0,256,256
vidro_1481.png,256,256,vidro,0,0,256,256
vidro_1038.png,256,256,vidro,0,0,256,256
vidro_1391.png,256,256,vidro,0,0,256,256
vidro_1113.png,256,256,vidro,0,0,256,256
vidro_1332.png,256,256,vidro,0,0,256,256
vidro_1175.png,256,256,vidro,0,0,256,256
vidro_1333.png,256,256,vidro,0,0,256,256
vidro_1046.png,256,256,vidro,0,0,256,256
vidro_627.png,256,256,vidro,0,0,256,256
vidro_1166.png,256,256,vidro,0,0,256,256
vidro_773.png,256,256,vidro,0,0,256,256
vidro_430.png,256,256,vidro,0,0,256,256
vidro_784.png,256,256,vidro,0,0,256,256
vidro_91.png,256,256,vidro,0,0,256,256
vidro_1092.png,256,256,vidro,0,0,256,256
vidro_728.png,256,256,vidro,0,0,256,256
vidro_325.png,256,256,vidro,0,0,256,256
vidro_1301.png,256,256,vidro,0,0,256,256
vidro_1059.png,256,256,vidro,0,0,256,256
vidro_1188.png,256,256,vidro,0,0,256,256
vidro_120.png,256,256,vidro,0,0,256,256
vidro_134.png,256,256,vidro,0,0,256,256
vidro_1404.png,256,256,vidro,0,0,256,256
vidro_429.png,256,256,vidro,0,0,256,256
vidro_1090.png,256,256,vidro,0,0,256,256
vidro_1463.png,256,256,vidro,0,0,256,256
vidro_1258.png,256,256,vidro,0,0,256,256
vidro_864.png,256,256,vidro,0,0,256,256
vidro_503.png,256,256,vidro,0,0,256,256
vidro_238.png,256,256,vidro,0,0,256,256
vidro_1114.png,256,256,vidro,0,0,256,256
vidro_426.png,256,256,vidro,0,0,256,256
vidro_283.png,256,256,vidro,0,0,256,256
vidro_1467.png,256,256,vidro,0,0,256,256
vidro_758.png,256,256,vidro,0,0,256,256
vidro_866.png,256,256,vidro,0,0,256,256
vidro_149.png,256,256,vidro,0,0,256,256
vidro_922.png,256,256,vidro,0,0,256,256
vidro_1348.png,256,256,vidro,0,0,256,256
vidro_861.png,256,256,vidro,0,0,256,256
vidro_115.png,256,256,vidro,0,0,256,256
vidro_1439.png,256,256,vidro,0,0,256,256
vidro_273.png,256,256,vidro,0,0,256,256
vidro_1321.png,256,256,vidro,0,0,256,256
vidro_913.png,256,256,vidro,0,0,256,256
vidro_900.png,256,256,vidro,0,0,256,256
vidro_110.png,256,256,vidro,0,0,256,256
vidro_302.png,256,256,vidro,0,0,256,256
vidro_1379.png,256,256,vidro,0,0,256,256
vidro_1276.png,256,256,vidro,0,0,256,256
vidro_253.png,256,256,vidro,0,0,256,256
vidro_1410.png,256,256,vidro,0,0,256,256
vidro_1182.png,256,256,vidro,0,0,256,256
vidro_720.png,256,256,vidro,0,0,256,256
vidro_1339.png,256,256,vidro,0,0,256,256
vidro_885.png,256,256,vidro,0,0,256,256
vidro_904.png,256,256,vidro,0,0,256,256
vidro_284.png,256,256,vidro,0,0,256,256
vidro_85.png,256,256,vidro,0,0,256,256
vidro_413.png,256,256,vidro,0,0,256,256
vidro_1242.png,256,256,vidro,0,0,256,256
vidro_537.png,256,256,vidro,0,0,256,256
vidro_72.png,256,256,vidro,0,0,256,256
vidro_1143.png,256,256,vidro,0,0,256,256
vidro_1031.png,256,256,vidro,0,0,256,256
vidro_1448.png,256,256,vidro,0,0,256,256
vidro_585.png,256,256,vidro,0,0,256,256
vidro_788.png,256,256,vidro,0,0,256,256
vidro_833.png,256,256,vidro,0,0,256,256
vidro_673.png,256,256,vidro,0,0,256,256
vidro_435.png,256,256,vidro,0,0,256,256
vidro_400.png,256,256,vidro,0,0,256,256
vidro_932.png,256,256,vidro,0,0,256,256
vidro_312.png,256,256,vidro,0,0,256,256
vidro_1347.png,256,256,vidro,0,0,256,256
vidro_802.png,256,256,vidro,0,0,256,256
vidro_275.png,256,256,vidro,0,0,256,256
vidro_1411.png,256,256,vidro,0,0,256,256
vidro_63.png,256,256,vidro,0,0,256,256
vidro_1235.png,256,256,vidro,0,0,256,256
vidro_499.png,256,256,vidro,0,0,256,256
vidro_1042.png,256,256,vidro,0,0,256,256
vidro_1191.png,256,256,vidro,0,0,256,256
vidro_1015.png,256,256,vidro,0,0,256,256
vidro_1308.png,256,256,vidro,0,0,256,256
vidro_617.png,256,256,vidro,0,0,256,256
vidro_252.png,256,256,vidro,0,0,256,256
vidro_840.png,256,256,vidro,0,0,256,256
vidro_1443.png,256,256,vidro,0,0,256,256
vidro_1094.png,256,256,vidro,0,0,256,256
vidro_884.png,256,256,vidro,0,0,256,256
vidro_62.png,256,256,vidro,0,0,256,256
vidro_979.png,256,256,vidro,0,0,256,256
vidro_178.png,256,256,vidro,0,0,256,256
vidro_1445.png,256,256,vidro,0,0,256,256
vidro_1281.png,256,256,vidro,0,0,256,256
vidro_342.png,256,256,vidro,0,0,256,256
vidro_621.png,256,256,vidro,0,0,256,256
vidro_991.png,256,256,vidro,0,0,256,256
vidro_1325.png,256,256,vidro,0,0,256,256
vidro_610.png,256,256,vidro,0,0,256,256
vidro_715.png,256,256,vidro,0,0,256,256
vidro_261.png,256,256,vidro,0,0,256,256
vidro_297.png,256,256,vidro,0,0,256,256
vidro_862.png,256,256,vidro,0,0,256,256
vidro_902.png,256,256,vidro,0,0,256,256
vidro_1069.png,256,256,vidro,0,0,256,256
vidro_141.png,256,256,vidro,0,0,256,256
vidro_27.png,256,256,vidro,0,0,256,256
vidro_152.png,256,256,vidro,0,0,256,256
vidro_1159.png,256,256,vidro,0,0,256,256
vidro_676.png,256,256,vidro,0,0,256,256
vidro_455.png,256,256,vidro,0,0,256,256
vidro_910.png,256,256,vidro,0,0,256,256
vidro_116.png,256,256,vidro,0,0,256,256
vidro_856.png,256,256,vidro,0,0,256,256
vidro_427.png,256,256,vidro,0,0,256,256
vidro_711.png,256,256,vidro,0,0,256,256
vidro_224.png,256,256,vidro,0,0,256,256
vidro_333.png,256,256,vidro,0,0,256,256
vidro_587.png,256,256,vidro,0,0,256,256
vidro_1399.png,256,256,vidro,0,0,256,256
vidro_1000.png,256,256,vidro,0,0,256,256
vidro_1395.png,256,256,vidro,0,0,256,256
vidro_927.png,256,256,vidro,0,0,256,256
vidro_276.png,256,256,vidro,0,0,256,256
vidro_1488.png,256,256,vidro,0,0,256,256
vidro_307.png,256,256,vidro,0,0,256,256
vidro_1385.png,256,256,vidro,0,0,256,256
vidro_789.png,256,256,vidro,0,0,256,256
vidro_216.png,256,256,vidro,0,0,256,256
vidro_1108.png,256,256,vidro,0,0,256,256
vidro_1436.png,256,256,vidro,0,0,256,256
vidro_255.png,256,256,vidro,0,0,256,256
vidro_765.png,256,256,vidro,0,0,256,256
vidro_876.png,256,256,vidro,0,0,256,256
vidro_516.png,256,256,vidro,0,0,256,256
vidro_1093.png,256,256,vidro,0,0,256,256
vidro_873.png,256,256,vidro,0,0,256,256
vidro_386.png,256,256,vidro,0,0,256,256
vidro_1007.png,256,256,vidro,0,0,256,256
vidro_1039.png,256,256,vidro,0,0,256,256
vidro_1184.png,256,256,vidro,0,0,256,256
vidro_1048.png,256,256,vidro,0,0,256,256
vidro_977.png,256,256,vidro,0,0,256,256
vidro_88.png,256,256,vidro,0,0,256,256
vidro_1050.png,256,256,vidro,0,0,256,256
vidro_1329.png,256,256,vidro,0,0,256,256
vidro_483.png,256,256,vidro,0,0,256,256
vidro_203.png,256,256,vidro,0,0,256,256
vidro_128.png,256,256,vidro,0,0,256,256
vidro_962.png,256,256,vidro,0,0,256,256
vidro_1091.png,256,256,vidro,0,0,256,256
vidro_112.png,256,256,vidro,0,0,256,256
vidro_1306.png,256,256,vidro,0,0,256,256
vidro_1313.png,256,256,vidro,0,0,256,256
vidro_1241.png,256,256,vidro,0,0,256,256
vidro_61.png,256,256,vidro,0,0,256,256
vidro_1208.png,256,256,vidro,0,0,256,256
vidro_584.png,256,256,vidro,0,0,256,256
vidro_119.png,256,256,vidro,0,0,256,256
vidro_539.png,256,256,vidro,0,0,256,256
vidro_1380.png,256,256,vidro,0,0,256,256
vidro_136.png,256,256,vidro,0,0,256,256
vidro_92.png,256,256,vidro,0,0,256,256
vidro_542.png,256,256,vidro,0,0,256,256
vidro_1054.png,256,256,vidro,0,0,256,256
vidro_583.png,256,256,vidro,0,0,256,256
vidro_1128.png,256,256,vidro,0,0,256,256
vidro_556.png,256,256,vidro,0,0,256,256
vidro_305.png,256,256,vidro,0,0,256,256
vidro_37.png,256,256,vidro,0,0,256,256
vidro_374.png,256,256,vidro,0,0,256,256
vidro_579.png,256,256,vidro,0,0,256,256
vidro_56.png,256,256,vidro,0,0,256,256
vidro_1480.png,256,256,vidro,0,0,256,256
vidro_1209.png,256,256,vidro,0,0,256,256
vidro_1422.png,256,256,vidro,0,0,256,256
vidro_994.png,256,256,vidro,0,0,256,256
vidro_1202.png,256,256,vidro,0,0,256,256
vidro_938.png,256,256,vidro,0,0,256,256
vidro_175.png,256,256,vidro,0,0,256,256
vidro_269.png,256,256,vidro,0,0,256,256
vidro_351.png,256,256,vidro,0,0,256,256
vidro_679.png,256,256,vidro,0,0,256,256
vidro_30.png,256,256,vidro,0,0,256,256
vidro_889.png,256,256,vidro,0,0,256,256
vidro_2.png,256,256,vidro,0,0,256,256
vidro_28.png,256,256,vidro,0,0,256,256
vidro_1303.png,256,256,vidro,0,0,256,256
vidro_1484.png,256,256,vidro,0,0,256,256
vidro_1250.png,256,256,vidro,0,0,256,256
vidro_1065.png,256,256,vidro,0,0,256,256
vidro_1479.png,256,256,vidro,0,0,256,256
vidro_86.png,256,256,vidro,0,0,256,256
vidro_1405.png,256,256,vidro,0,0,256,256
vidro_1103.png,256,256,vidro,0,0,256,256
vidro_1300.png,256,256,vidro,0,0,256,256
vidro_799.png,256,256,vidro,0,0,256,256
vidro_446.png,256,256,vidro,0,0,256,256
vidro_825.png,256,256,vidro,0,0,256,256
vidro_206.png,256,256,vidro,0,0,256,256
vidro_142.png,256,256,vidro,0,0,256,256
vidro_589.png,256,256,vidro,0,0,256,256
vidro_1394.png,256,256,vidro,0,0,256,256
vidro_442.png,256,256,vidro,0,0,256,256
vidro_1111.png,256,256,vidro,0,0,256,256
vidro_157.png,256,256,vidro,0,0,256,256
vidro_1334.png,256,256,vidro,0,0,256,256
vidro_1025.png,256,256,vidro,0,0,256,256
vidro_669.png,256,256,vidro,0,0,256,256
vidro_329.png,256,256,vidro,0,0,256,256
vidro_845.png,256,256,vidro,0,0,256,256
vidro_6.png,256,256,vidro,0,0,256,256
vidro_779.png,256,256,vidro,0,0,256,256
vidro_686.png,256,256,vidro,0,0,256,256
vidro_944.png,256,256,vidro,0,0,256,256
vidro_718.png,256,256,vidro,0,0,256,256
vidro_131.png,256,256,vidro,0,0,256,256
vidro_619.png,256,256,vidro,0,0,256,256
vidro_1199.png,256,256,vidro,0,0,256,256
vidro_490.png,256,256,vidro,0,0,256,256
vidro_344.png,256,256,vidro,0,0,256,256
vidro_331.png,256,256,vidro,0,0,256,256
vidro_1077.png,256,256,vidro,0,0,256,256
vidro_1219.png,256,256,vidro,0,0,256,256
vidro_1275.png,256,256,vidro,0,0,256,256
